1.166490334498517245e-01,7.919000312941844311e-02,-6.555674797658026486e-03,-6.616810404226269524e-03,-6.824262801995621686e-02,-1.837101036968392664e-01,-1.869354908437141638e-01,8.579230198294644782e-02,-9.399907346597353996e-03,1.110353633611349949e-01,2.465625251404495177e-01,-1.686268054167094910e-02,1.907665524549449487e-01,1.210363575856343715e-01,-1.398527076715880002e-01,1.939667613663653423e-01,4.168435095138445234e-02,-2.538442011925632347e-01,-1.926902183583322770e-01,-2.883134559467968039e-01,-1.149912023429862790e-01,7.693571616118785594e-02,-2.375675875528120151e-01,-1.499185443142841412e-01,3.321236546999694478e-02,-8.261664039649227465e-02,1.758976826117757408e-01,1.506592543863585765e-01,-3.603219573304850543e-01,-1.494839397966945538e-01,-2.171554095819541175e-01,-2.394995082923690455e-01,-1.859020134982402317e-01,-2.674918516332690233e-02,-5.069412392573099252e-02,1.006211727806563538e-01
-1.317618760984259785e+00,-5.397058742175359775e-02,-3.558144002567671937e-01,-1.788366216004475096e+00,1.680667536394830353e-01,1.032947131736497853e-01,1.178084432103215923e-01,-2.344389426183156044e-01,3.409035652013496231e-01,-7.995882200845726151e-02,2.056846232526427995e-02,-1.082656641755085081e-01,5.697662674393220300e-02,-1.461721671179402327e-01,-2.024344230846139847e-01,1.938383809919483891e-01,2.988246397209279870e-01,1.953292445882434947e-01,4.776224261879338773e-04,1.353676122236771862e-01,7.005771169587188263e-02,-1.162855927913666099e+00,-8.987090839369671347e-01,-5.203635688315292329e-01,2.196309595425190997e-01,2.707148307685147692e-01,3.897088624547796060e-02,4.697738780644281076e-02,-2.122993490814798767e-01,1.111202450498905842e-01,2.888760352903395612e-01,-1.331617249290167060e-01,9.951249656480485109e-03,-1.512466863173419010e-02,-3.474866840554972636e-01,-1.339758709678021409e-01
7.804762185542704622e-02,-1.484909748520082395e-01,-2.501758888876479126e-01,1.744615353052857698e-01,1.555378757763355713e-01,-1.277212989472548479e-02,-2.457948544292784532e-01,2.596387631347902292e-01,-5.432861975613823002e-02,-2.505020332934643768e-01,-8.718770867169391148e-02,-1.082238221608820689e-01,1.298498028051643938e-01,-7.428501427328433604e-02,-4.890004773870652854e-02,4.244179619779100965e-02,3.302046014289605758e-01,-2.182183768871705232e-01,1.994849123997302631e-01,-1.736176739137936798e-01,-1.979501999829888503e-01,-1.975925335434565444e-01,1.008890270314847515e-01,-2.482595287663947881e-01,-1.440883102165216312e-01,-3.126817650831628104e-01,7.180565457052913436e-02,2.559439409153861922e-01,1.159001972141257414e-01,-3.084827331445703924e-02,-1.458623641214231575e-02,-3.092126558299806427e-01,-1.448493947614672150e-01,-2.103731038840835343e-01,-1.175957788271599774e-02,-1.498913117168111098e-01
-9.781018255982860173e-04,9.382283882498977656e-02,1.734714573175242802e-01,-3.552203735775400495e-01,3.505133324184495636e-01,3.103731916468874807e-01,-9.827606234443586608e-02,1.713498556012050533e-01,1.055442050479263733e-01,-3.188265265766065393e-01,2.393925800162804984e-01,1.018109229772999787e-02,-3.081510741946603682e-01,2.575635516898701072e-01,-3.529643556252544112e-01,-3.567657745647979661e-01,2.524752544888795303e-01,-9.256793585127706669e-02,-1.558240353830972480e-01,-1.545307269058903976e-01,1.101274353020240959e-01,1.531590279315487302e-01,-9.891130572009186606e-02,3.441793516997583846e-01,-4.691129337912915143e-02,-3.823317417731372236e-01,-5.225642919707551570e-01,1.682688039799179747e-01,5.299140866395615213e-01,1.257223813874750185e-01,1.263246791940607627e-01,-2.668026579385048280e-01,3.078254835240468723e-01,5.341118224948227314e-03,-3.543133711509878214e-01,6.892237959268940339e-02
4.586353772774530435e-02,7.396122425521466093e-02,-1.020342002817515858e-01,2.386910108735375013e-01,-4.327841498402094644e-01,-1.755941680363193869e-01,-6.666589561296646371e-01,-2.578321838021759849e-01,5.983433626963460122e-02,7.820476314768119719e-02,4.189763601885218569e-01,-2.642163470697464142e-02,4.848116208340185612e-02,3.738184631531595303e-01,-4.588947828676737117e-01,3.978546725291601249e-01,3.882379153477562572e-01,-4.999375593663075157e-01,5.250176701879043922e-02,5.168763007817164246e-01,-6.949019999372529899e-01,-7.715455551130764866e-02,-1.139103548462247761e-01,-1.226839777970877149e-01,1.763819106610490725e-02,-1.158664095330874805e-01,-1.233561983022354175e-01,6.828261235960975117e-02,6.862482281475699997e-02,-4.571969774920927598e-01,-1.947501914384572597e-01,6.708265030602343637e-02,-8.665816252920142959e-02,5.536560207520717369e-02,2.365021076515777809e-01,5.980390900200985294e-02
5.570649117470415773e-02,1.111058683747602333e-01,6.063910449524797380e-02,1.186523052299195413e-01,4.456584817221809214e-02,6.352030368600394827e-02,6.005485223881017881e-02,1.144673638091489032e-01,1.772216080430859542e-01,1.237254388484149564e-01,-2.151283270167488881e-01,7.212291681830042267e-02,8.117596354626747945e-02,-1.956260949288360709e-02,2.946260800258855908e-02,-2.341659374945546240e-02,-1.022466454031653871e-01,-4.415061387781954449e-02,-2.742657544679771853e-02,7.914448967412168745e-02,-3.476440491770593777e-02,-5.504956335262126133e-02,2.032892530683241272e-01,-9.818185148100232185e-02,-1.621996712797804385e-01,-1.173774488334016625e-01,2.111664929260356066e-02,1.024192650474312211e-01,2.225830847083741949e-03,8.374763485415212538e-02,-7.962547114388039693e-02,-3.335540901758863013e-03,1.094011694662728462e-01,1.356980674039578172e-01,1.179843090744273487e-01,-5.150426258411353736e-02
1.776263115686706751e-01,-3.611240947349465824e-02,3.675075710526232858e-02,-2.092591620847955233e-02,-5.500125552780858740e-02,-1.430251093329946710e-01,2.693747341177160637e-02,4.452285939956800165e-02,-1.152968814966005492e-02,3.166322786344735046e-02,1.025358682132922750e-01,-6.359532316934835006e-02,2.285828033221819905e-02,-1.169106043010412349e-01,1.831399769791361154e-01,-7.773229681761954779e-02,9.676090486150874803e-02,-9.121033820237336998e-02,8.809890171853661245e-02,8.246344665783969519e-02,-7.944658783424528303e-02,-4.721010028405813602e-02,1.478168171665998898e-01,3.959177854848493910e-02,9.614955759301757610e-02,1.007026694795963712e-01,1.788475471661130078e-02,-1.558763407924558808e-01,-2.433383117417698693e-01,-5.502934347099833201e-02,-1.247048714245488181e-02,-1.184775534305555766e-01,-3.374463280101391155e-02,1.423748299990705291e-01,-2.959783781877087933e-02,1.453374661445483787e-02
-1.915732298793523025e+00,-2.218702215302253755e+00,4.852701305679502641e-01,6.660539695043447006e-01,1.409593048893615086e-01,-2.680361578311735382e+00,-2.170655501480970861e-01,7.293270940371023858e-01,-9.635620281792751651e-01,-1.175576193416295157e+00,-1.457630132187940353e+00,-4.366508361513014164e-02,-6.310530577012748998e-02,7.938055161870072318e-01,-1.497926322286848889e-02,2.106869202285449327e-01,-5.996182415007762084e-02,4.126164092966097541e-02,2.356640914694577427e-01,-2.950514574532813183e-01,3.275197409479240207e-01,-9.935315113834236600e-01,-5.011609182575121890e-01,1.225759899903249739e+00,-6.523487417779330055e-01,-1.470210292603250091e+00,-9.462964275481865473e-01,-6.030367584322138264e-01,-2.045195497688371944e+00,-6.436564357979164264e-01,-9.786696200299092874e-02,-2.504031629720901098e+00,-1.040345643147960075e+00,-7.860055414390226813e-01,-3.932465674408626433e-02,-2.036297415923301879e-01
1.047536983265377059e-01,-2.207167434281418206e-01,-3.772403876020140601e-01,3.126920575513341127e-01,7.166462863438019526e-02,-1.412063037227998807e-01,1.423140799183033323e-01,3.913253596833979331e-02,9.312310435993396973e-02,8.318691367909201995e-02,-1.384300000222742077e-01,1.981046065135222758e-02,5.347979824444708263e-02,-1.450707422416063104e-02,2.290193075961534097e-01,1.433280311586423161e-01,4.149385866297696651e-02,2.955866609706505055e-01,2.889984402443132594e-01,-1.481692119698874710e-01,9.049231102741413235e-02,-2.199762154382176316e-01,-1.811250226925606721e-01,2.553212475306224638e-01,4.583731489563760420e-01,-1.414123522817242185e-01,-6.170624875754734395e-01,1.335548440278300775e-01,6.031802788831735346e-03,1.980160722834041209e-01,5.587195147623413849e-02,-4.635599478082662317e-02,-2.746004211498631609e-02,-2.322962363850882839e-01,-2.671099218256069441e-01,-3.995397906806242849e-01
-5.474881002745857900e-02,-5.514953997823255488e-02,-3.324707767281391280e-01,4.579476106773437000e-02,2.411751915232275209e-02,-8.441121997382744491e-02,-3.732706930906074527e-01,1.357734218354711142e-01,4.458247145367635195e-02,4.314821064185672683e-02,1.248479854265824168e-01,2.872048678153783507e-01,-1.007602167390762721e-01,-9.003050489524072608e-03,-1.726863736654460357e-01,3.493309722915904914e-02,-1.094850322206283866e-02,-3.777360268854861314e-01,8.528283921620765165e-03,4.481120669333427120e-02,-1.183014316142807221e-01,4.442869170247275984e-02,4.777389795052248284e-02,-1.914034836005239215e-02,-1.104188378045642127e-01,2.119811776607234410e-01,-1.653907226523505802e-01,-2.565923711385966755e-01,-3.145611645619578178e-01,6.908495801661253266e-02,-2.226187825105897453e-02,-3.653498815234197949e-01,9.438536488714027728e-02,3.715670523584708729e-01,3.070688812944623036e-01,-1.975664820112017425e-02
3.253875309347049605e-01,-2.371956093492802176e-01,-2.709212709429936750e-01,3.564030798773556441e-01,-6.317969811999386565e-01,2.858422988501275741e-01,-9.955306623483481387e-02,-6.479309561175347620e-02,2.406154276286819049e-01,3.529555703865688288e-01,2.755482756872226768e-01,5.309837522854764513e-01,-1.373630328029326053e-01,-2.114433382762682390e-01,-3.134072260939101823e-02,1.875840749080370448e-02,8.972355913905878666e-02,1.921261164181827519e-01,3.534624380778290664e-01,7.070034705730994691e-03,-1.396961709404618002e-01,-1.114935162577842975e+00,5.682323754907958602e-01,8.579085204318560864e-02,-3.642925079400382432e-02,1.424453645229282854e-02,4.589790675760880290e-01,-2.245767452380934698e-02,-3.466091225612730892e-02,-2.251968035114150224e-01,2.529392307272985141e-01,7.118131947630552958e-02,-2.212851315898452798e-01,3.514253811774419867e-01,-6.207670387781816235e-01,1.429937747312001184e-01
2.757305711961994393e-02,1.048773727133264499e-01,1.180468973437051594e-01,1.296711436676254159e-01,1.148207683924453298e-01,1.420223472982652391e-01,-7.484111697033603294e-02,-9.009199129941222739e-02,4.877015185242800088e-02,3.038578616255498965e-01,2.834739298674088248e-02,-2.073121182705891727e-02,-2.389650830821374583e-01,2.489663478060900187e-02,7.233015401848628956e-02,1.873245673398776789e-01,-1.797544673488848110e-01,-5.969516537668535794e-02,1.223501380568984137e-01,-1.038367577245409394e-02,-6.732192537449123437e-02,3.505020722951084772e-02,-9.373216639622782009e-02,1.500386310218832786e-01,2.335121087513379948e-02,1.352301535495708251e-01,-2.562966335063154300e-01,3.129381361268989553e-02,-1.375053038583177734e-01,8.845921840357702515e-02,-1.881246023502472497e-02,6.054024374714608858e-02,-7.346535196245834731e-02,-7.814156539187804701e-03,7.370103105388539633e-02,-1.455727701439669397e-01
-1.889059995329505914e-01,-1.408112976579436494e-02,2.049374719165160119e-01,3.480516030756252571e-02,1.939028899945309525e-01,-8.633929278932819806e-02,3.656435354448613062e-02,-6.546703841176571004e-02,-2.338112288085917312e-01,5.438684041610907655e-02,6.598294665813445037e-02,-2.556608339783482675e-01,6.626475162627587512e-02,-3.426875187700930137e-01,1.243614207660326126e-01,4.143668146868054736e-01,-2.799737106304325263e-01,-2.752239272717977858e-01,-1.019701402424268294e-01,1.652913227076080183e-01,1.758579018383379933e-01,-3.258042389850300535e-02,9.346857061247232368e-02,-1.257600735618852050e-01,2.010326337783414907e-01,-3.464915993091619711e-02,-1.617320061923747110e-01,1.277996940377441049e-01,-1.660987926150836180e-01,-3.227436439171723070e-01,1.355185797239140399e-01,-9.400473348434036647e-02,-4.050144949253782489e-02,-4.840772121743218415e-02,2.581326851561352997e-01,-1.956704540827834682e-02
2.153278098803899365e-01,7.536230657737814920e-02,3.537328391560674856e-02,-2.594618522463971733e-01,2.078106078666124013e-01,9.341518215719285534e-02,-5.548187088408321893e-02,-3.162640990298859478e-01,-2.372427304110368562e-01,1.822182493545294879e-01,-6.614285978096891006e-01,3.040017688308201821e-02,-3.993964042517070823e-01,-1.775841519375651045e-01,-1.122962737140803385e-01,3.244387177174006265e-01,-1.785061250965763735e-01,2.390087357687714353e-01,-2.802717955892037871e-01,3.240410669171200908e-01,2.045847924561566000e-01,-1.707653151597372243e-01,-8.148903973299351233e-02,-1.946874318569802309e-01,5.173774728280124829e-02,-4.582544250223044568e-02,8.809692179389688738e-02,1.856556674420102859e-01,-2.639680083519772569e-01,-2.802426634881928155e-02,-1.789413439382887550e-01,1.345296174977385073e-01,-9.837879152313015740e-02,1.210420195283163358e-01,-2.250585881566627700e-01,-9.924392389564584693e-02
2.363149896518022264e-01,5.911520250917967623e-02,-5.531481413381846533e-03,-2.474356334536781665e-01,-5.889861328966664727e-02,5.343221679114829037e-02,1.559578850501321945e-01,-2.690220153855390484e-01,4.542123360458786840e-01,-7.542117555644237692e-01,-4.308601530647330202e-01,-1.265188569326837653e+00,3.657051356006070786e-01,-8.373768603113533882e-01,8.857984777228983253e-02,-5.600762523544344784e-01,7.121230496490060791e-02,1.161983909306617962e-01,4.158245919896979004e-01,-2.397450358584020669e-01,-1.582452257137064999e-01,-9.153542423604921208e-02,-3.002324675212352245e-01,-2.596188140953631929e-01,1.217874973874801953e-01,-5.711243051348883215e-01,3.173401303432045739e-01,4.456559077003086067e-01,1.463215723659937011e-03,-1.997763024578238372e-02,3.221317046874238033e-01,1.798093279880311549e-02,-3.458503132680386116e-01,-2.433424210474069982e-01,9.783616026459270032e-02,3.864698068504241607e-02
-1.264889695563218286e+00,4.617164800613594855e-02,8.783292442069817740e-01,-1.178583301291676433e+00,1.287002490486839623e-01,2.023688093137072097e-01,3.950463793540301971e-01,-4.113880746374924402e-01,1.145215534386118117e-01,-3.352297884261056238e-01,2.879107769678669951e-02,4.380178621491568891e-01,-1.875595283529398971e+00,4.606204160203256071e-01,-4.467057288242140545e-01,-1.426170007539262041e+00,-1.661549137233081286e+00,9.992135785805067449e-01,5.687503601854311253e-01,-1.987255439917199884e-01,-8.557659858292525623e-01,1.178535983913328922e+00,-4.952228107918338340e-01,3.419239845173451808e-01,-3.006988936455960992e-01,8.517425994009683032e-01,-1.445272737160213095e-01,8.641893061039965795e-01,3.162219930490438036e-01,-1.595853700834058086e+00,-9.765151828941809331e-01,8.777860303663092001e-01,-7.694947208731349741e-01,-1.046088120607456151e+00,4.951140653593217311e-01,3.262764383236137905e-02
3.991814787600601044e-01,-1.748974193119206655e+00,2.745838334967961036e-01,-3.382493584403266640e-01,2.944264920472047797e-01,2.844692036421477832e-01,-4.009664703693503474e-01,-4.917943243425967337e-01,-1.292100980434762514e+00,-6.775642948118039133e-01,-4.928298304566328114e-01,-3.335388668793310418e-01,6.626531902322856382e-01,-2.500320116769782497e-01,-1.038957162672632939e-01,-6.837415562070091324e-02,-6.366782052348096688e-01,-3.067830340967644398e-01,-8.696716712930872006e-01,1.208006224081511204e-01,-1.760613124163914744e-01,4.392077677712213912e-01,-4.826618377421157957e-01,-3.761994860256075157e-02,8.551593999766182730e-02,-5.079119536263566187e-02,-1.396606527850717816e-01,2.319076473312095821e-01,3.903833932976512044e-01,-1.177881229266727198e-01,-1.831720803415399501e-01,3.817801848238505658e-01,-5.327281994969940149e-01,-2.859006461258767895e-01,5.737285095659226952e-01,-4.348693339379843675e-02
7.799960397589624297e-03,-1.988012897212323160e-01,-1.666490999738558521e-01,3.331554367151221691e-02,1.357089255625535118e-01,-7.687006542919413987e-03,6.237276537038426855e-02,2.392962629523864154e-02,1.172859498264785666e-01,2.024110195092446857e-02,-8.510410470796096749e-02,1.041047284377864257e-01,1.318795290346569948e-01,1.011119172625535821e-02,-1.123425798383414914e-01,-2.399476868562003457e-04,-4.581485323475923549e-02,9.075299235834024397e-03,-3.410232586762654977e-02,2.526727507165100195e-01,-1.748310342537580733e-02,8.806272995802250092e-02,-1.718270181632623912e-03,-5.648787453778613549e-02,5.670025394089536763e-02,1.081351086857576665e-01,4.721851381458130707e-03,8.848691141383746572e-02,-1.636888625955284018e-02,4.654342033332373868e-02,-6.542993150720761986e-02,-4.626318464307763167e-02,-1.795328667583337466e-03,-1.215806446791028450e-01,-9.969664645252357404e-02,-5.002766400295290128e-02
-1.582505355956602411e-01,8.069242259476595847e-02,2.157630941055131146e-01,1.733337229470834073e-01,-5.062082484974025215e-04,-5.998950976819070885e-02,1.596329708819177462e-01,-9.531182327830468870e-02,-6.729973693752409059e-01,1.833177309634826183e-02,6.699492364993396565e-02,1.966135965820322851e-01,2.825109141107353533e-02,1.085521684089541944e-01,-1.170211394402184135e-01,2.512852236838489239e-01,2.238256181898003738e-01,7.327215150521092235e-02,-9.887266191175286822e-02,2.578366430710685164e-01,1.211713636521453696e-01,1.823207194882896232e-01,6.950339281775437528e-02,-1.290248873010534369e-01,3.919558305389789221e-02,-4.328554571119562489e-02,2.816665580722852585e-02,-9.891386673833202359e-02,2.160162467149464582e-01,4.766504238044799030e-02,-7.279869956223147809e-02,-1.124369688064358608e-01,3.374493102247128756e-02,-1.536569089327997559e-02,3.155235685369634641e-02,-3.844249203348551469e-02
4.399989776081429660e-02,1.944781213896669761e-02,1.793640051709859962e-01,-7.468180915005363796e-02,-3.978538158890618237e-01,-9.649918080712437118e-02,8.198975546992706698e-02,-7.402508783337324871e-02,-1.940075500136690875e-02,-3.472486976293191578e-03,-2.447551230953086687e-01,1.115925823382761944e-01,-1.227746288062847441e-01,4.576073678899564845e-01,-5.470551858936291145e-01,-3.198083564468537365e-01,-1.805138492141852291e-01,-1.063221027940202262e-01,1.730627345615511070e-01,-1.313063744282717549e-01,1.099723621362217602e-01,-1.868505035906812828e-01,2.312215980442930696e-01,-6.240457267768949601e-01,6.023742068845692188e-01,-1.781313979841205430e+00,-5.805868918673015022e-01,2.512171690009805114e-01,-2.224614805382647276e-01,5.657747586199898260e-01,-5.776844004963253010e-01,2.977354329944994493e-01,2.267473991067330691e-02,-9.305591331784104359e-01,-8.941708776251313662e-01,-1.061600457794156377e-01
-2.618923535514628975e-01,-3.509979985695466653e-01,-3.751996264725404040e-01,-2.044696013226929843e+00,-1.405249082130301863e+00,-2.500222223638252750e+00,-1.075020518056373442e+00,-1.520618270527221094e+00,-2.062778312551717175e+00,-3.141021952387034410e+00,-1.180358783166046477e+00,-9.482415576067598773e-01,5.595299019196090518e-01,-1.106415775984307848e+00,2.028623244207800914e-03,-7.705626846797541951e-02,3.085228417850798821e-01,7.407441300812671603e-01,-6.352793553161302231e-01,-1.212392747126003867e+00,-9.199616644678514366e-01,1.216687547346313875e-01,1.934668251130331196e-01,1.375002790544878339e-01,-5.166653048513634994e-02,-6.497210434182264585e-03,-1.078029288345213166e+00,-5.331516322577842804e-01,1.189646371395396834e-01,-3.047958956481622295e-01,-7.261447648490965134e-02,-4.801143101588004058e-02,-5.936148560757647380e-03,-2.160358746532894947e-01,-3.963226472396712552e-01,-1.343371773663160629e-01
4.510738984383584893e-01,1.570705578984749884e-01,6.553914187441084449e-01,3.601100993168067088e-01,-9.141265100631116303e-01,9.202949521870147989e-03,-5.883160882617361268e-03,-2.073229010326055111e+00,3.358563969010251032e-02,1.028664097091219087e+00,-1.509968260428473652e+00,7.508458467463043906e-01,-1.189111337168675675e+00,1.639003579243644426e-01,-1.046178425807368750e+00,6.398387978514290531e-01,-1.245854243137914485e+00,2.423125015699275908e-01,-9.137087230693970163e-02,-5.959084417584582516e-01,6.944743312344803243e-01,1.726941973119677509e-01,-1.085659796902959551e+00,6.013292967536066902e-01,-4.926856154183505421e-01,-1.359486038271380481e+00,-2.414875618210616803e-01,-6.324801551505012664e-01,-5.102840692060855998e-01,5.289446223107533429e-01,-2.560061818295407687e-01,7.726501166712091972e-01,-1.107066751616793798e+00,-5.570692772921698177e-01,-7.938475504831067620e-02,1.932395079707722174e-01
1.649290580799211980e-01,-2.752904174737000331e-01,-2.902317987688784462e-01,-6.919381539167732652e-03,1.982278112781880527e-02,-8.900055546901658107e-03,-6.219289755502445116e-01,-2.226743174533400704e-01,1.590702423104959073e-01,-3.155808268294540420e-01,-7.652295472297987455e-01,2.254707344561978910e-01,-2.457086589086944439e+00,1.841075539290758234e-01,3.195642623553518469e-01,-1.462684617186797764e+00,-6.988188887639190661e-01,-4.892967779190661726e-01,-1.027273505303767133e-02,1.167789980459846971e-01,-4.135360575248384074e-02,-2.684191921950165871e-01,2.176908771780021179e-01,2.420070659300003757e-01,-3.047929401861391718e-01,3.977790290806332285e-02,-2.028709192810969064e-01,1.046759363274802901e-01,4.086175291809296950e-01,4.943123310926449132e-02,-4.810798192977813192e-01,1.147102216322897911e-01,-7.857782590929434097e-01,1.477819871661703588e-01,2.873614176227931583e-02,-5.687570430179692549e-01
-5.468705423484777617e-01,5.695696799499992968e-01,8.274399953725583012e-01,-1.307975132176403710e+00,-1.434915605301922525e+00,-1.543502111272176736e+00,-1.479719730220750706e-01,-1.351925020259381105e+00,-1.520644260995483110e+00,-1.482560462544358915e-01,4.947232325607094916e-01,-5.280185510941781679e-01,-1.120409041396819155e-01,6.011209939155145454e-01,1.327597743197044544e-01,-9.028408473540066037e-01,-7.550034149815323392e-01,4.974747599606129111e-01,7.872057944061621182e-01,5.909510157518420570e-01,-7.660651549708709374e-02,1.293178298023304418e+00,-7.204162420266162492e-01,-1.238380684371837015e+00,-1.493461007223814141e-01,5.701316463833364101e-02,4.079868173922779895e-01,1.590054367381467659e-01,-1.356979829689787032e+00,5.518566200870409499e-01,6.024490980280638314e-02,3.142847810406987907e-01,2.502378762894933995e-01,-1.956204002979918144e+00,-3.376023455221305869e-01,6.155003837779710052e-02
-1.385526652520616686e+00,-8.128570255211675644e-01,-2.443597857315783717e+00,-9.629603185119580688e-01,-2.313950808584554764e-01,-1.712621059559703007e-01,-3.258430680029058557e-01,-2.944117866603317979e-01,-3.483323710025447717e-01,2.385446251991972695e-03,-1.709881249377973311e-01,-2.150208859220267554e-01,4.111363566060609320e-02,-2.324687921986337835e-01,-2.184867523282787716e-01,-3.268520433369689893e-01,8.918206555700645966e-02,-1.251485412656778429e-01,-6.814769119573836909e-01,-2.016748650308748392e+00,-5.723597742822338352e-01,-1.682039023233229624e+00,-2.637356600450720401e-01,-1.607550431385729839e+00,-1.672538290672981320e+00,-1.514767009422408606e+00,-1.271675121961359123e+00,-1.208826619356884319e-01,-8.266505385539303363e-01,-2.764205300888926131e-01,-1.959964437543393889e-01,-3.495071391204850886e-01,-2.483611425419834706e+00,-7.290705345267398663e-01,-2.295688425780783692e+00,-3.668477403298312511e-01
3.134912049288366420e-01,-3.139655133149967803e-01,3.358500523617997113e-01,-1.823748879790463850e-01,-1.097246909423509748e-01,2.207873080248607678e-01,2.595870883474872826e-01,5.489881622642868442e-02,4.956980517166807709e-02,1.774957037064264220e-01,-2.034291197447025412e-01,1.810641419110568459e-02,6.622198638717121007e-03,3.047030700579552720e-01,-1.970604549304312003e-01,-7.415918722001907382e-02,1.144637893642587445e-01,1.030472951149873778e-01,7.761980999686309002e-02,4.134691418690637950e-03,1.290227090413836042e-01,2.533520600643546228e-01,-8.248613953485313122e-01,-4.021171744745921095e-01,-1.851302210139532667e+00,-8.640314841589180617e-01,9.584899770069879588e-02,-4.707434576187974895e-01,-5.274771882577989901e-01,-4.221075989166725440e-01,6.470424739428452809e-02,-1.087463732191883192e+00,-5.946652907418938927e-01,-7.022279101989627181e-02,-2.052717189893669969e-01,-3.302397706241498865e-01
-1.239719832351332540e+00,1.394709035543093278e-01,-3.189920993084325862e-01,3.313212172414942702e-01,-1.777532293329033009e-01,-3.828905007088394541e-01,8.661236076004463769e-02,-2.332879843183270283e-02,-4.615839616087052955e-02,4.238604916452188287e-01,4.122658862269799052e-01,-6.625343405917372142e-01,-1.218723082277865244e-01,2.512708430154816930e-01,-1.903133155799539566e-01,-1.027247066567140432e-01,-1.849312531943790583e-01,1.801143246366230244e-01,-9.831256547725565620e-02,-2.670860913543166570e-01,1.107367400556223680e-01,5.652450009381462248e-01,-3.080373373925097691e-01,1.892549914307206649e-02,-3.957570452850787956e-02,2.477046776962947283e-01,-2.161308038981543667e-01,4.933814661283376646e-01,1.876691997848220217e-01,2.547724241914383833e-02,-9.506277699836232498e-02,5.211124251225549009e-02,1.573773960632817992e-01,-6.749018264263358102e-02,2.295460036927702840e-01,3.181280274916832573e-02
-7.148946184539267668e-02,-2.434935143505740501e-02,-4.466839377392222560e-02,2.792824777617343712e-01,7.914498703522850065e-02,-6.859263500710786887e-02,2.194786909601422181e-03,1.443240784613775141e-01,-7.672742713261002101e-02,8.360194653136233944e-02,9.780582130550685704e-02,1.362253111830098729e-02,1.901083393105826580e-01,4.184058950587003778e-02,-1.530727600965014340e-02,2.909433637759096039e-02,1.970082375717470055e-04,1.057875986218704129e-01,1.191113616988066087e-01,-5.384009444265662817e-03,2.705570174010286932e-02,1.296563384681866937e-01,-2.144194619921762843e-02,-2.798718693081286152e-02,-1.174906409993191347e-01,6.528274694012713326e-03,-2.734971843583143894e-02,1.841005496286294840e-01,3.493681565935742583e-02,-1.014376350648633213e-01,-2.714535923986396426e-01,-1.079688508146745274e-01,-3.247836993574642478e-02,-1.722965262258401575e-01,7.839246609785918696e-02,1.899206535413112129e-01
9.779225561258449162e-02,7.373854743312112381e-02,-1.233894129852835045e-02,-1.048973479344496723e-01,-6.703921304986682449e-03,-4.169713632738054065e-01,-4.721113877143133797e-01,-7.670304188377613519e-01,-1.220099410067135626e+00,9.067344713166639036e-02,-1.433725966928367068e+00,-7.238056075592380623e-01,-1.760595855810073995e-01,1.422477080912508962e-01,2.269298324377374276e-01,-2.437049231661541360e-01,-1.096424195037311033e-01,3.448014432295236076e-01,-2.658133469336199650e-01,-1.765176398874539199e-01,-4.401467488344494305e-01,-1.167446712641073275e-01,-1.353322478505265269e-01,3.891898212018246039e-01,-7.733906636790531808e-01,-1.268998095657468406e-01,-4.277643227932815817e-01,3.013847727639579199e-01,1.371762449691600605e-01,6.977316190446809507e-01,4.427461021477190894e-01,-1.469953875389629072e-01,-6.528621544050920988e-01,-3.601875665233003274e-03,-9.759334032513437840e-03,2.804370931493703201e-01
-4.177291044661117225e-01,6.827981212342751904e-01,-5.774706404779690327e-01,-9.286424210773942811e-02,-4.252279736055781245e-01,2.580801687192423866e-01,-7.930381685383634804e-02,-3.808674306957093858e-01,6.668041800368749161e-01,-9.656308375029520885e-01,-2.566275369482589608e-01,-8.031966213107859243e-02,-1.637659233666870495e+00,4.244909971730979059e-01,-3.316278489536707563e-01,8.739600354144834160e-01,4.671279754951946916e-01,-1.386631021303643685e-01,-1.340756906351252276e-01,3.669482338187552428e-01,5.820110879121510594e-01,-3.607767950569199522e-01,-1.392137557090815936e-01,-1.081147907886773618e+00,3.857463729077838521e-01,-7.277691477806358389e-01,5.033329014872568452e-01,-1.800861901928144437e+00,3.729659509880011159e-01,-1.123844409768630426e+00,-1.058214389910510977e+00,7.302433500295451019e-01,1.712350917359942160e-01,-1.277508781848582409e+00,-1.754662944582790374e+00,-3.676003627779279685e-03
1.958206259577456865e-01,-2.042696050619425413e-02,6.880787472691915485e-02,-6.079015931771074993e-02,-1.519301795552106538e-01,8.988940219612906457e-02,1.306335006642006524e-01,-7.987739493647993960e-02,8.715259889744898791e-02,1.464976782005143474e-01,-6.750975098691359977e-02,-4.896504985436270219e-02,8.131244332450160428e-02,-1.314326698150208514e-02,-1.311895867704794549e-01,4.947532224782002185e-03,1.445093482236096440e-02,-1.778201192525859786e-01,7.577051278207781737e-02,-2.005010803800145458e-01,5.050221477030801716e-03,-1.458513528087173466e-02,-8.517116444231564998e-02,-6.839953932535152575e-03,8.401423761759678477e-02,1.269187308811290105e-01,-4.692883771478463528e-02,-5.253374641764040065e-02,-1.224219736031799538e-01,-3.007078131454928721e-02,-1.688766842282631298e-01,5.870500087831033442e-02,3.009926878351234202e-03,-3.898869962734272110e-02,2.169889084008561342e-01,1.397803770507115295e-01
-1.006191361425221031e-01,-1.297895206413077485e-01,-3.167679028362722082e-01,-2.006954184563177757e-01,4.401596419031199997e-02,1.316091546161522463e-01,-8.428746235376204099e-02,3.197160172511288589e-01,1.455038367866061909e-02,1.665014200525922472e-01,-2.471946529526070080e-01,6.997762749194860743e-02,1.152026820080032932e-01,-1.269492310506466215e-01,-1.715656077745379704e-02,-1.502797572488429566e-02,1.721786374934687266e-02,-1.231969894523915060e-01,2.279940137543773684e-02,-6.541329065898809914e-01,1.466428162711328198e-01,4.989409385111907153e-02,2.690407453523575021e-01,-3.631327302357060388e-02,5.472615994930895011e-01,-3.058664650861043222e-01,-2.583366190698117570e-01,-4.090564280502900218e-01,-1.398176494768480771e-01,-2.842032498817774200e-01,-6.902345076503144661e-01,1.652701004973489707e-01,3.716601024861763188e-03,6.824071583486980563e-02,1.677414322350449238e-01,-1.404046214121924471e-02
-1.949839852324665723e-01,-7.232349598980544747e-02,-1.020417021344568881e-01,-1.995332970306413489e-01,2.802004699349764372e-01,-2.461078428007994756e-01,-2.226362074967568105e+00,1.705771675748398997e-01,-1.370657692324221966e+00,-8.349943762096777300e-02,-5.090775509501467289e-01,-6.581362776196032771e-02,-4.180026940111857825e-01,-9.343626206952724764e-03,6.079981572955586722e-02,-2.122344591492395516e-01,-5.382350034320946275e-01,-4.087853711434627613e+00,-9.208376383036592783e-01,-2.752995266613201264e-01,-8.250411802945001316e-01,6.457511712835978246e-02,-2.545358308507763567e-01,9.176352599840659208e-02,1.168624123856528280e-01,-1.198418091462150753e-01,-9.705654316552510263e-02,-1.401713234536463570e-01,-2.445187228706300342e-01,-8.659959255862512140e-02,1.482873169343003339e-01,-4.426759135012169576e-03,2.656768883120250724e-01,4.913130143586066576e-03,6.169010572632312173e-02,-6.073232133310947356e-01
-1.225635897393969331e-01,-9.972883514583515130e-02,-2.779258236152650774e-01,-1.532769820828937812e-01,-2.069122653161543646e-01,-1.965915035879301775e-01,-2.715271080039149618e-02,2.914651796394590599e-01,2.004385128674046057e-01,-2.180348358542046408e-02,-2.077795570023892036e-01,-2.096205739563911652e-01,2.756298336663503754e-02,-9.615608544511045075e-03,3.192136044419665447e-02,-1.987785137509083533e-01,-1.147564113963769616e-01,5.251065734559690751e-02,2.445586813389585557e-01,3.302291390604347732e-01,1.457412274119236906e-01,-1.556945047007084193e-01,5.462772830336903862e-02,1.816516769837956194e-02,4.995565192700303359e-02,3.199316068057535961e-02,2.367382618368986114e-01,-5.970815334477556080e-01,-1.206384700870829357e-01,1.614412861737378468e-01,-1.569620156811645240e-01,1.660639023589954855e-01,2.316049898042980282e-01,-2.503618973492293676e-01,-3.079691648039000751e-01,-1.895509973722976638e-02
-2.552842505556434549e+00,-1.511770132581145898e+00,-1.221768677575937462e-01,4.944868904152834033e-02,2.016219526861985079e-01,-1.310381351186530319e+00,-1.656609077791822426e-01,-7.234005729862038603e-01,-6.210829540364025680e-01,-2.840320638201641046e-01,-1.160339684242766678e+00,1.008949565159832806e+00,-1.884868233103739854e+00,-2.256488194894527677e+00,-5.117038332112416876e-01,-1.044023381383338167e+00,-1.182549068879529486e+00,4.881897423175009937e-02,6.992243501206887313e-01,6.537442732862319521e-03,-7.093743430748256085e-01,-1.329533946621457519e+00,-1.643864497214329923e+00,-7.929966240266189681e-01,-1.557324133272473876e+00,-7.660020691500771806e-01,-2.474188931442795336e-01,-1.356407898420870728e+00,-5.040415276510019638e-01,-1.367767835171455504e+00,-9.404848785141083356e-01,-1.554171471521361925e+00,-1.477666241616678144e+00,-4.018809197794211835e-02,-1.065370604207312555e+00,9.182927428652978841e-02
-1.543339082391364525e-01,5.680530055600077621e-02,1.049379145381412609e-01,3.145127815251403947e-01,1.391892102630632455e-01,1.201743625893684081e-01,3.686600734670784640e-01,9.019425660254599963e-02,3.012776056131348801e-01,3.027052601472799420e-01,-4.316778901772737043e-01,-8.107912278009486717e-02,2.798917781694545189e-03,-1.168533725398607920e-01,2.340953808038506445e-01,-1.859168401821993111e-01,-8.381695631563269855e-02,-1.723761399719587750e-01,-6.687336690470168099e-01,-1.193366396758219067e-01,-2.243010524716542720e-01,5.325025641373516694e-02,1.857800900841115321e-01,3.515935279552845905e-01,-3.335312543501995908e-01,3.322665204638993730e-01,-9.471160801133729490e-02,8.294868177670330356e-01,1.928370538984658933e-01,-3.540081504957920400e-01,-1.167643677336357655e+00,-1.405891660958335232e-01,-1.236788295707680119e+00,1.018939510878168198e-02,3.529500501306818139e-01,3.889694033617336309e-03
-2.334209745292978588e-01,-7.381731133020615065e-02,2.496766253182511885e-01,2.254322967003215272e-02,2.128770028588103103e-01,2.338020135032049807e-02,4.467457895762345227e-02,-3.956908423228998606e-01,4.280749400950148442e-02,1.481585908447792810e-01,-4.816524234848587604e-02,1.621058702259125794e-01,1.031898516519340614e-01,-2.482088901549455717e-01,9.387910568722954152e-02,-1.736942690063840722e-01,1.777072692037647561e-01,-2.908129477891346903e-01,7.228515166076239506e-02,-1.720555635555430229e-01,-3.699781980499038114e-02,1.742304583183103273e-01,-3.742438253572779594e-01,1.733617778267066978e-01,-2.580157906160395753e-01,-5.303328480992933885e-02,1.062980437299896296e-02,-4.894726745337468071e-02,3.045111854836317355e-02,-8.449858469892670976e-02,8.570098263562658802e-02,7.059420964208397431e-02,-1.303013574470999747e-01,6.895969615485189608e-02,3.824206878843711827e-02,1.083871378276672626e-01
4.558722849965421257e-03,9.803751418724673816e-02,1.672223547247717046e-01,1.831108104165064254e-01,3.832239199682442865e-01,6.194793928985947717e-02,2.688008680674744966e-01,3.442517642621373275e-01,-8.854974876393180427e-02,-1.217051547667738903e-01,1.254553299412679290e-01,-9.362489282875413599e-01,-1.960420838015413947e-01,8.546387880964492756e-02,1.475040244384258070e-01,1.632043127099761237e-01,-1.312758683001584992e-01,5.075972699450457259e-01,-2.802391188222463358e-01,-4.682348711518498074e-01,-5.473447188229429994e-01,-3.641902034145371586e-02,1.148069386793973828e-01,-8.482426421522137883e-02,-7.511149932312711774e-01,-8.775730830279959704e-02,-9.916405731403199822e-03,-4.299946918664529494e-01,2.537812038029048645e-01,1.517061487427096289e-01,-2.356434062310234223e-01,-3.217470465769546872e-01,1.943353490274906392e-01,3.813557298912738647e-01,1.701273809068340470e-01,-5.186882417149701885e-02
-5.400579484947592990e-02,-7.306466609558213976e-02,1.505274113862141716e-01,-8.609612172649255823e-02,2.630063811003009039e-02,1.484834040614614950e-02,-5.332689269878168603e-02,-1.709262290314981711e-02,-8.407049449617697012e-02,-3.644467227649457464e-02,-1.020393421198128592e-01,-2.388714909301044992e-02,1.504036448687043337e-01,-8.265108564865601692e-02,-1.022844194228368225e-01,-1.034553294662788892e-01,-1.942851338281234852e-01,-1.700008427950792100e-01,3.163013785278354778e-02,3.409381527140430829e-02,-5.196982941628144892e-02,1.871258948904649111e-01,-9.604873910667420522e-02,2.468734286711080084e-02,6.398445728115983999e-02,1.638108062902433604e-01,-4.436360358721595093e-02,-6.036314771213389246e-02,-1.614121719188165438e-01,-1.853077801552406312e-01,-1.688087789292268825e-01,1.179494792961911509e-01,1.338497266224177584e-01,-1.328370404347881395e-01,1.175731139906356637e-01,6.571519093017626212e-02
-4.509038532861982251e-02,5.653450724241715353e-02,1.090781759350652885e-01,1.192146195485912497e-01,1.115017854550907211e-02,1.455750157491471353e-01,-3.138956633372082944e-02,9.224791541012707097e-02,-7.476303813239132401e-02,-6.992212586963640619e-02,-1.480980761488098069e-03,-2.219247646483253344e-01,4.534551774341043923e-02,-1.013904538616182960e-01,-9.252096442419522910e-04,-1.157221725166762694e-01,1.285155262422530142e-01,1.243367419633606696e-01,6.414478233473368263e-02,4.717064503719925472e-02,-1.333521766231188510e-01,-4.007035562662510791e-02,-5.641499992164156208e-02,8.683707093423762013e-02,-3.839678737668496961e-02,1.386026874198532099e-01,-1.204883307133007009e-01,6.635526025012968010e-02,-5.504865266720596062e-02,1.818448310393310299e-02,2.380788041267091482e-02,-3.340352128638107015e-02,8.628323162620672726e-02,-1.477143483146959035e-01,-2.151483891902913545e-02,-9.211322087886170129e-02
1.441625413571566428e-01,2.317538188164357249e-01,-1.256361152928143488e-01,2.433476635066611216e-01,5.367736529918875482e-02,-1.043856261991299300e-01,3.445579084602510833e-01,-5.856788415716744634e-02,1.840463824168066254e-01,-9.665123044274784303e-02,-1.655109585783515469e-01,1.513567854142544300e-01,-7.076965566770753759e-03,8.720055086519056670e-03,3.094537933072193381e-01,-2.029997594739136046e-01,1.432552473437390950e-01,-1.871327375746395863e-02,-4.357439939953169361e-01,1.509670784759351569e-01,-1.133032116260921929e-01,1.050402345716249380e-01,-1.728654213783588633e-01,-3.259194224827967057e-01,1.201864273744911032e-01,8.957147319281369424e-02,-2.779436182182172255e-01,1.305052191706465026e-01,-5.464076275578260145e-01,2.477491025790364287e-01,1.307669812003436904e-01,-1.330735937048007633e-01,-4.879830676093486336e-02,-3.440032251353865589e-01,1.010119785604204345e-01,-2.237269340584331981e-02
1.036857995663698351e-01,1.756567813649651325e-02,-1.123516760794608826e+00,-1.016863260097962574e+00,-1.318811768097199799e+00,-7.984722102074636174e-01,-1.018342077434394977e+00,-1.496402084534558252e+00,-1.341854215075414025e+00,-8.103108822205239425e-01,-1.258326104374705823e+00,-4.923561552474101793e-02,-6.791257046858522051e-01,1.530615346122400112e-02,5.103732741323975253e-01,-4.109242107025069535e-01,-1.875640909430519088e+00,-1.846865597781906843e+00,-6.495687869813238091e-02,6.242304943130767558e-01,9.484766130918511617e-01,-4.841226799154201843e-01,-5.130638942035373740e-01,-3.723849968776432040e-01,6.734748465890458835e-01,-6.196303565209526631e-01,-4.051175878314828283e-01,-1.570414680610983771e+00,2.908292052876926270e-01,2.119734210283928666e-02,-1.281734145583879325e+00,-1.625041761081102099e+00,-1.680055209928880133e+00,-2.948944737312141906e-01,-3.964865118887199169e-01,-4.372532855494132981e-02
1.283150548488531384e-01,-3.583227590066871970e-01,-1.286543038183624588e-01,5.425192696480246601e-02,1.021862978897037227e-01,-2.801334772221412139e-01,-3.672956915476167650e-01,-5.419142934628865538e-01,-3.524408622816492809e-01,-1.766586721840263108e-01,-4.834705083139207993e-01,6.563903334062522188e-02,-4.308760246213740874e-01,-8.639092748858308024e-01,1.972388989985505159e-01,3.794304275775550739e-01,8.783915012139792422e-02,1.061894078074223369e-01,1.254238664809967374e-01,4.638627213679564348e-02,6.275594030507067878e-01,3.545485682020786400e-01,5.943377312025423242e-02,-9.898677995126828333e-02,1.997743451571406745e-02,-8.356103529877008385e-02,2.235633015610029861e-01,1.932632936524459888e-01,1.051430954834622900e-01,-1.036749369541758656e-02,-1.037059337951276694e+00,5.477372562817183210e-01,-1.249290905097575621e-01,3.214419831067719113e-01,-1.304927979892336609e-01,-4.543773749919702981e-02
-6.625597084789242031e-01,-1.503827094588576996e+00,-1.139542957960559155e+00,-3.617350923225020609e-01,1.704817058853901335e-01,3.196544729848291855e-01,5.481212909018100543e-01,-1.107461783963571839e-01,-1.785681495470834212e+00,-1.644679775535723865e+00,-1.772359953272946431e-01,-1.440344611165259359e+00,8.634217127568075689e-01,1.496351538025184058e-01,4.542091342092303141e-01,-3.348501290989882029e-01,-2.708746652097708263e-01,-1.538143168878856049e+00,-3.011747673885235496e-02,3.735423560891661943e-01,3.141090666236412421e-01,-7.621720998055897534e-01,-7.187571828618123659e-02,-2.239742202786231245e-03,5.261430682493936084e-01,-1.364538752436237345e-01,5.183706131664292949e-01,-5.004975750638832738e-02,8.622388754537849698e-01,-8.429348153616851302e-01,-1.107354748301911718e+00,-1.159540919608049725e+00,-3.505026129601115925e-02,-8.361458020114354017e-01,5.983690472562532836e-01,2.674780275022766718e-01
-1.764334914003644617e-01,-7.093583987399103286e-02,-4.576596921245657534e-01,-1.070591801944037247e+00,-8.220200466414943896e-02,3.433737835295267438e-01,-2.733596528396117220e-01,5.765237813056518501e-01,-2.639947494907787795e-01,-1.053674904611730856e+00,1.587452124788959473e-01,-8.713920261770480291e-01,4.411172223055341290e-01,-8.558835977389410710e-01,-9.932401114115443352e-01,8.012149529705359097e-01,5.485094957062454091e-01,-6.823628545737274453e-02,-3.764210158120551708e-01,2.724809844203695541e-01,-5.683421397119858137e-02,-5.179913615285735018e-01,-7.444511124637182009e-02,-9.641014566865037383e-02,-3.064503711276131970e-01,5.813745119456118632e-02,1.059131656440138146e-02,-8.239909893556917816e-03,3.480714868612577728e-01,-7.637002774704405861e-02,-6.627884016295394476e-01,-3.955430975001105742e-01,-1.636512970313197535e-02,-1.346006926638716461e-01,-1.015139797317958920e-01,3.732979625593984153e-03
-7.511047256129929628e-02,-4.224006451283746078e-02,-3.151067839125395453e-01,6.715646425979020506e-01,-4.739708090567189003e-01,8.627985695960563306e-02,-7.246397685658094445e-02,2.278467016368286024e-01,5.120637689431177808e-01,-7.001096315349208954e-01,2.741264280029760969e-01,-2.761121492850004966e-01,7.183662957182006259e-02,-1.524892515664891535e-01,3.776430299244141753e-01,3.076578506131515400e-01,2.908504746115002718e-02,-2.591592123583532081e-01,-1.469877363936684889e+00,4.218434814831413804e-01,1.700839372653448756e-01,-8.226638486100631420e-01,2.187338013996459052e-01,7.339640059514689341e-01,-4.992437699100655824e-01,7.847677297920188089e-01,-2.879463705293295317e-01,-4.745240046062215167e-01,3.895870333090319937e-01,-2.673808252943197794e-01,2.338924105054085434e-01,-3.259235400535251959e-01,-1.531295982783955345e-01,-1.223699390596457492e+00,-1.018600653556227753e+00,-1.187424794843518622e-01
9.696322344489079204e-02,8.658328544035583108e-02,8.275908910107732108e-02,-3.140279690771592691e-02,-4.725025679376901322e-01,-2.037291884127484520e-01,-2.026559694916315324e-01,3.518928874241316063e-01,-2.792567947513852067e-01,-7.135994332707194798e-02,-1.880968342954618400e-02,-1.827416021865695406e-01,-7.434731623991903682e-01,-2.996495114025957140e-01,-6.178300192699798243e-01,2.764497287590569341e-01,4.599767293772004662e-01,4.795114791333133786e-01,3.980010039663248733e-01,3.803999340274463181e-01,3.467908247972738972e-02,5.588241115400249814e-02,-1.041960935290686396e-01,-8.950559848823252951e-02,-6.627444257820661044e-02,6.078730724149389395e-04,-4.864863465613992188e-01,-7.182414087408416359e-01,-1.461983876424322870e-01,4.460528760987301222e-01,-9.208089359983058220e-01,-3.287919815290234471e-01,-4.649566179325620441e-02,4.631157406007531396e-02,-6.960649206481827056e-01,-1.812745177497928628e-01
3.584409188197315577e-01,3.649833054204699723e-01,6.162414352487761982e-02,-1.168415942520151907e+00,-3.090890743295529486e+00,-2.278650735378923375e+00,4.906287532185066996e-02,-6.026870278749276721e-01,4.363396008566602369e-01,-3.160233429311710140e-01,4.412028979404282736e-01,1.693703691998669214e-01,1.684180408454164987e-02,-4.700290399666126051e-01,9.547172280314479564e-02,6.643011595240209954e-02,-2.893790922029312318e-01,-1.715362557215381056e-01,-3.451601078760963004e-01,-8.207232920816296406e-01,-1.715676941623721419e+00,-1.168023796009004300e+00,-6.009823897456775255e-01,-7.136363483335170788e-01,1.234672982560090615e+00,-1.645676505468687045e+00,-1.841592799199490704e-01,-3.881603214164305315e-01,2.061946528986259852e-01,-3.467747555767482504e-01,6.949569831632756989e-01,-5.656804040634905162e-01,-6.540916669229389635e-01,7.817697860005432542e-01,-1.023652719204816819e+00,9.003250239544469125e-02
3.518750869922645519e-01,-2.353398451539925884e-01,1.272899462657384462e-01,2.387725100673588341e-01,1.840045533493624152e-01,1.581179980226684600e-01,9.553039941118432465e-02,1.117308658800166832e-01,-1.693496211454300626e-01,3.944615921988050417e-02,-3.917548642039272999e-02,2.179793880470163869e-01,5.293564775373274002e-03,3.711515589185001018e-01,-7.545360608866795438e-02,1.222729231505933351e-01,-1.483130365060908729e-01,-2.509205889509705592e-02,-1.977439283647912105e-01,7.080978551553282485e-02,8.102477469284484479e-02,-5.602056481303470392e-03,-1.650707590541210801e-01,-8.261542104551383367e-03,-1.316692270508648954e-01,3.509774000457768772e-02,-1.588540592175139432e-01,-1.537038118907345097e-01,-1.284587156751300537e-03,-4.446905857402267542e-02,5.416000381078900361e-02,3.604827997215474117e-02,-2.030327154511478160e-01,3.683431219215395347e-02,-3.147318428840110288e-02,-2.211032124996592518e-01
4.286673308424530648e-01,1.197155766047592051e-01,-2.036440499044977481e-01,1.715196910337968839e-01,5.439912298238119837e-02,-5.585113834719756393e-02,-1.062047578700487244e-01,-3.951773136833099942e-01,-7.105652327079500785e-02,1.260321640913697194e-01,-1.836025436107609904e-02,-1.173023213508277152e-01,6.774643665231863676e-02,3.315611130295420539e-02,1.815560763235569974e-01,-7.051892956916110122e-02,2.219839383129060262e-02,-3.398733942920342810e-01,-1.907096305457572916e-01,2.196410324846838902e-01,6.813353873626695756e-02,-1.747990498149547267e-01,8.819159607851267957e-02,-1.264881279055897478e-01,6.256290854298390824e-02,-1.402226383531931901e-02,5.787833377032094301e-02,-1.527942903483398007e-01,9.355263400130815754e-02,-1.772772549240669154e-02,-4.713992005009463582e-01,7.238792280627032172e-02,1.312792272817588785e-02,-6.242244274803805670e-02,-7.023544057045855160e-02,-4.311910671754327212e-02
9.238408276928659901e-02,-5.665958013022717177e-01,2.486065311049948101e-01,3.010076555876147197e-01,-2.144551601319833356e+00,-5.401818820438980540e-01,3.678700973579884792e-01,-2.773279612079520007e-01,8.367990718551449048e-01,-6.984154156400800284e-01,-4.408714658871061287e-01,-6.159236111972704597e-01,-2.485838831304396923e-01,9.194807488004413942e-02,-2.681210780498167329e-02,7.974888909570165829e-01,-2.028068792532715103e-01,9.919774188380561242e-01,-1.556939226474526872e-01,5.169278271990850326e-01,-1.227192877976291729e+00,-6.172329891397452251e-01,3.635887295818157616e-01,-1.345708940345871074e-01,4.172202011634021379e-01,-2.219866158929379552e+00,2.947517457395488205e-01,4.938295140354229673e-01,-1.997287836296191221e+00,-1.356533680193586111e+00,-4.508447190566570728e-01,-1.084276871099684847e+00,-6.189282127133986788e-02,-9.496904880829986073e-01,2.197104468631796148e-01,-3.068081424917576752e-02
-3.032874495709808049e-01,3.894771186711473709e-01,-8.340649808436080281e-01,2.566463854744577833e-01,6.917123744454981016e-02,3.087047713637834367e-01,-8.204791757655524043e-01,-7.751039650875348741e-01,1.502757267865737767e-01,-2.413698003008334370e-01,2.595612794162781567e-01,-1.297348303564321015e-01,-1.769276545611843943e-01,3.659847440405936125e-01,1.290504261592197444e-01,4.756934290362185153e-02,-1.931299914844982479e-01,4.023708670745918536e-01,-4.149140369064613920e-01,5.402977284996254292e-01,9.884024298225438931e-01,-1.634177480604621646e-01,3.891005398680508209e-01,1.513886522731928697e-01,-9.990622137271030212e-01,-4.939771615206988153e-01,-1.622589029578358266e+00,1.052865751266968963e-01,-4.693232657796457818e-01,-1.402728420561121514e-01,-5.523755293573989755e-01,-1.154207632924482835e-01,8.376357531311008631e-02,-5.024174006947531579e-01,1.004790953797304182e-01,9.394908226683300334e-02
-1.486116700240567523e+00,-2.167472061282071649e-01,-2.701631449159243026e+00,-2.286272361406924247e+00,-3.118272300536997221e-01,-3.453676203786536503e-01,-1.150880764092563568e+00,-7.502883557783826540e-02,-2.700297842519744362e-01,1.418775466650843906e-02,3.590837954167827029e-01,1.113431201017569955e-01,-1.929122084641098911e-01,-3.116310720927386035e-01,-2.229226733188618137e-01,-2.476354619537414758e-01,-2.184596943676306025e-01,-3.944206213281368362e-02,-6.113374805607840745e-01,-4.751415543490015991e-02,-2.722804093937662429e-01,-3.199293203398737351e+00,6.200720668890946641e-01,-1.378896674170750236e+00,-2.179477932112581784e-01,-4.559198622306755433e-01,-9.613482581604628763e-01,-5.002277098310735637e-01,-2.614207945982755521e-01,4.046664456963373901e-02,-4.496682090495981998e-02,-1.584200952268857987e-01,3.907564889822495030e-02,4.188518197081932820e-03,-2.789069474703738116e-01,-1.157357059247771935e-01
4.351025827518327782e-01,-1.249155684638873387e+00,2.598409950850866790e-01,7.192914054683464675e-01,-1.451401931802033252e+00,-7.807722864019766770e-03,-5.191099528069221813e-01,-9.291177709001591234e-01,-9.771983598438956919e-01,8.240062751744782199e-01,-6.087336138007212738e-02,-4.413741673853326941e-01,2.457675593883864307e-01,-1.624319231752482828e+00,-1.454325035209047323e+00,5.901920923448437939e-02,-2.396662778661926119e+00,8.156852546192840947e-01,-1.814178033209370711e-01,5.052748583729433918e-01,-2.219474016694459595e-01,-8.243237136620976679e-01,-2.184333400108171563e+00,-1.215208521094829575e+00,4.409423390651052155e-01,8.510191875809228756e-01,-5.580436830283319605e-01,2.803551439982909788e-01,-2.819830837793521061e-01,-1.052544213218066516e-01,-1.203652063881130579e-01,8.519135405170406503e-03,-9.021196274456549924e-01,5.484240788648109266e-01,-2.902306508585705269e-01,2.898296236072019430e-02
-3.343794034544973065e-02,-6.180080234843311759e-02,-1.776426359688696235e-02,5.563971951221048651e-02,-9.114598307399196520e-02,-1.253982023104193433e-01,-1.201961765806651983e-01,-8.468044785717101716e-03,-1.178666875001386505e-01,-6.426397447011447661e-02,-3.467944608062419748e-02,3.590220460738704437e-03,-2.383332540075595862e-02,2.837647405790365285e-02,7.403278789000464037e-03,-1.348037369223591964e-01,-1.417035141715378144e-02,-1.269160065322057773e-01,-5.433781365697296778e-02,-1.254438768491014378e-01,-1.567190674053500210e-01,-2.587975456285403486e-01,-5.692628763987961360e-02,-1.700454802896566447e-02,-3.359514477597125987e-02,-2.078439064066738284e-01,-4.489968659366977421e-02,-1.106003080403198807e-01,2.179174372649276270e-01,-9.886796507995349037e-02,6.628758736761217185e-02,-1.759837824465096678e-01,1.364535329602348523e-01,-2.712490242842063304e-01,-3.306954288623862627e-03,-1.057487674539064199e-02
-7.515717039867640947e-01,1.129760820856024139e+00,-2.065154997179643015e+00,-9.298487824768203458e-01,4.599993413726438107e-01,-1.124474705743411462e+00,-1.988114771208275844e+00,-8.573909750755227543e-01,7.991587819612671062e-01,1.189643666249911858e-01,1.020558648849277661e-01,-1.180831384467921213e-01,3.101772442182699208e-01,6.892413079687172150e-02,1.162283821680964585e-01,3.129163486022269458e-01,-2.034009957083011688e+00,4.806421716836283275e-01,4.469251542594325222e-01,2.172142428211432386e-01,-2.073444595590041017e-01,-1.995941358462915760e+00,1.219267761505486991e+00,-9.395271875515711635e-01,-1.056572961214947926e+00,-1.484142623418196028e+00,4.950890544813013050e-01,-8.928661141798069911e-01,-7.954465654533688507e-03,-1.221793761004738688e+00,1.088811085250461774e+00,-1.394179113816338855e+00,-8.858624561902376238e-01,-1.679190217445079680e+00,-2.453455987525858528e-01,6.043064559452316492e-02
-6.724956920224688384e-01,-4.467954009335272092e-01,-1.194224367561125044e+00,-6.393117193967025047e-01,-8.521817815247311190e-01,6.989572403047886739e-01,-8.306392496482731813e-01,2.821077120544366323e-01,4.627873919127856173e-01,-8.459996896399644140e-01,-3.143150972484668459e-01,8.707294190027684566e-01,-1.389422497447827531e-01,-1.383098694017543151e+00,-8.975156776585466734e-01,2.131826150447912668e-02,-1.114752629509864867e+00,-1.337211431727933775e+00,-8.993901189408513019e-01,-5.057711799979875550e-02,-5.511113867024758362e-01,-2.438285238257218157e-01,9.079980785316651981e-02,-3.983263889761267523e-02,-1.332004901864437263e-01,-8.625442826819347542e-02,-8.950385547160436550e-01,-7.314701066060358414e-02,-1.107501196089172968e+00,-1.054458072888240228e+00,3.438867949422318160e-02,-4.940551255691266186e-01,1.905769734988193576e-01,7.714636759550788647e-02,-7.517075409950260134e-01,1.030859263376371071e-01
7.703180076414888749e-03,9.852810326410402220e-02,7.230125776658362369e-02,-2.568313944463746501e-01,-6.645602212967684740e-03,-1.073269884066356122e-01,9.993775964756920760e-02,7.554167286651003455e-02,-7.439104787393159557e-02,1.661324096656794369e-01,-1.117128645259595349e-01,-8.381449849292663679e-01,-1.148384743357469873e+00,-3.285313496255445331e-01,-1.001641828013775104e+00,-3.529886103268263797e-01,-4.142769368086087201e-01,-4.103698759510485128e-01,1.682317204735147079e-02,-2.884665500450135922e-01,-5.200286436573681170e-01,1.575000474100689551e-01,1.557491105984004087e-01,-7.709908164531892316e-02,1.364069069831593817e-01,2.066307717691464457e-02,2.511540318607007327e-01,-2.729512813102649357e-02,-7.085745027660886319e-02,-5.793396099768877150e-01,1.517168825949862243e-01,-6.999926366163468361e-02,8.821399742441309033e-02,-1.109275339703209157e-01,-3.028901544076138125e-02,-2.782569739949783960e-01
-3.332486940771156592e-01,7.180210066022446602e-01,-3.458952017879158430e-02,9.401991850829920228e-02,-8.003920017873472625e-02,-5.749680510654836540e-02,-3.219668867133668733e-01,-6.298643513836284236e-02,-5.441476194095479224e-02,-1.910834086970152335e-01,-3.392378098608327813e-02,-7.244555601268649891e-02,-8.940983022039986072e-02,1.321459624009140577e-01,1.028349148436241700e-01,2.015682576875274176e-02,-1.296151645842570088e-01,-9.667171555926351578e-02,-4.661564402830446485e-01,-2.863211235221918005e-01,3.977247641896019537e-01,-3.087270624040180933e-01,4.090918554340809421e-01,-3.628144669410669487e-01,-3.139499975622280226e-01,5.022889247995291490e-02,6.235335388191506900e-02,1.895533237302257923e-01,-2.839660408733089003e-01,5.499199703095252606e-02,-9.832944500688128864e-02,3.345814715461443156e-01,1.141388257464362177e-01,1.777968315299305324e-01,3.065688738300752503e-01,5.409804213782759552e-02
-2.160085329078967054e-01,-1.702940826494362403e-01,-8.503457609758821589e-02,4.793460734582147970e-03,2.496431081293828680e-01,-2.892390434886277784e-01,-1.048951536916930966e-01,5.561841661574768586e-02,-6.023235724275120134e-02,-2.016828460328975170e-01,1.329813543106798945e-01,2.247254428606232368e-01,-7.016769317644573623e-02,8.362764438945768930e-02,-1.589486125814547901e-01,-1.872886682427314931e-01,-2.436160490361585773e-01,9.431635168197677332e-02,-2.277822796678108108e-01,2.165761639476642131e-01,-5.074073913464925700e-02,3.791895208580156607e-03,-4.429606799639917427e-04,3.444288184118817209e-01,4.690925394951308419e-02,-5.221861390015485743e-02,-8.022881147061673712e-02,-1.839885517107063828e-01,-2.236180081192462310e-01,3.784565895155959925e-02,5.902583748549684352e-03,5.904805969613236699e-02,-3.113846470124659316e-01,2.433122040789354248e-02,-3.645848044451198422e-02,1.539942460750514178e-02
-6.538046063852989143e-01,-4.595270062811634970e-01,-1.393660671675411411e+00,-2.418050773004039922e+00,-1.852203120361209709e+00,-9.970012643233500116e-01,-9.036286129852975080e-01,-1.452874262293335716e+00,-1.747502566095332499e-02,-1.299232471000152600e+00,5.648296216803351255e-01,-1.336858212007700830e+00,4.882723197227535894e-01,-1.597944802017618793e+00,6.139615098056977471e-01,3.077756573724013123e-01,-4.026897898670463993e-01,-1.019075735184025389e+00,-9.285965884163485118e-01,-5.982677647282117483e-01,-8.818353648622174745e-01,-5.371632939886997749e-01,1.071274345694236185e+00,-5.615529258907142607e-01,-1.458653540232212054e+00,-4.972665574741146899e-01,8.217592598526712866e-01,8.945825580051676440e-02,-1.639342179568149122e-02,6.467119019051679185e-01,-7.487523133502549388e-01,-2.664471069297590144e+00,-1.077288463540625740e-01,-9.444113326232271843e-01,-2.866877426966176756e-01,9.687120093934951937e-02
5.302775414965450046e-02,1.080682757430688340e-01,2.305880188143905329e-01,-7.827410465446220378e-02,-5.580756375130893066e-01,1.716418019331665268e-01,-3.562944724104760152e-01,-2.742313099316007752e-01,-1.655140981642064801e-01,1.853757239153367986e-01,2.347721298902416820e-01,1.009044910181095822e-01,-6.865262653954892769e-02,-1.929416905595344456e-01,-7.133432670966421973e-02,-2.696958768477334539e-02,-1.392704881004916406e-01,-3.050081709961088676e-03,-1.455816497504982265e-01,-3.004381898274221391e-02,-7.755297214248049187e-01,-1.294922166826353582e-01,-3.297129961092216122e-01,-1.420701310703243181e-01,-4.160104194837600800e-02,-3.985082602166746535e-02,1.166407602594978221e-01,-2.171597627622216531e-01,-1.300208175428928942e-02,8.274569764013242623e-02,-4.753243928596125045e-02,1.122332643850013356e-01,7.836565226522793082e-02,-9.872644664259824093e-03,3.541778539473685039e-01,-8.532926566807687296e-02
-9.743215459307254245e-02,3.466413491839074462e-02,1.420663635682970494e-01,5.238280128738557334e-02,-1.030044820754051627e-01,1.507801718122740442e-01,-2.337835549377608180e-01,2.752573156377174368e-01,1.044742461011718415e-01,8.794186194493047379e-03,-7.537183342556846855e-02,-1.015625711992060726e-01,2.224472380986750319e-01,-5.706016307175483526e-02,1.085785190233857639e-01,-6.368160605732720025e-02,-3.776068070595425819e-02,-1.830603413518016448e-02,3.309628875480300630e-02,5.294131477906182520e-02,8.788382145803837198e-02,2.505059056701836595e-01,-9.956445962708523889e-02,-2.759134889804085861e-02,4.592598649613754275e-02,-6.203194911495436836e-02,-1.594508936845449865e-01,-1.314764569488235946e-01,6.662806457871003896e-02,4.323518518522068144e-02,6.869911409779265454e-02,-3.297833472775107272e-02,1.122586532197948905e-01,-7.863627489980978824e-02,-2.496550332950010428e-02,3.761026080554127210e-02
2.680233167153979745e-01,2.553775725822997611e-01,-1.083264951828946554e+00,1.582749674541251150e-01,-5.237494286908959129e-01,-1.397273332145244351e-01,-6.027730051118742605e-01,2.972527275708108929e-01,7.481053110681806784e-01,-1.235893890785838334e+00,6.456140966521600744e-02,2.042002026724574482e-01,-6.445723235499940529e-01,5.958656886026978405e-01,-3.692732522820057484e-01,-1.116192814401660183e+00,1.780520381860692392e-01,-4.091392323121669228e-01,7.536462919950576156e-01,-1.732750357791567053e+00,3.010529690893553600e-01,-2.854553363362748453e-01,-2.854788255357977866e-01,1.046605022395452472e-01,-3.414182660320977392e-01,5.380252676197768563e-02,6.915159064045804937e-01,-6.848954461141069094e-01,3.928694255792695711e-01,-2.191640482660757172e-01,-1.333777252910240962e+00,-8.829868733948862403e-01,2.043754162125794305e-01,-4.675127551239604551e-01,1.982124807189257765e-01,9.798895175947143488e-02
-5.744086487462808366e-01,-8.794211731027176127e-01,-5.949482147558967648e-01,-1.002755587562355333e-01,-1.272026023918884467e-02,1.504240825292023354e-01,6.420774758343594790e-02,7.483795972740259206e-02,2.799079025667335074e-02,4.862386712166014147e-02,1.408922067100140674e-01,-1.464416598350929410e-01,-1.224097749858250594e-01,1.853289867957892412e-01,2.504976339677273955e-01,-6.278626421229552279e-02,9.445223689708555359e-02,4.326928973486700997e-02,8.594302632427806843e-02,2.792797626245558870e-02,-4.097757066847697305e-02,5.064592284341830342e-02,-3.489872750019097136e+00,-8.944630402693534155e-01,-1.203623140961689320e+00,-4.872965001654487871e-01,-5.875361794877607263e-02,-8.825565310260170826e-02,2.517757705176660310e-01,1.994829851647318131e-01,2.359308629535046553e-02,2.349155185408262625e-01,-6.739497363824556442e-02,-2.495977914685798826e-01,-4.265924741061820624e-01,-4.887094698277140437e-02
-1.094016070083768888e+00,5.922332850232727708e-01,-1.223616075657536911e-01,1.976727828837906431e-01,1.454673507910948793e-01,-6.558688701046531122e-01,-2.585486248732198900e-01,-1.186916216569942062e-01,3.468756331147997973e-01,4.362635864969128807e-01,3.366890748366085928e-01,-1.048525824039750809e+00,-1.277660294772817284e+00,2.963033994573041618e-01,8.074995336148068636e-01,-4.121965461823327570e-01,-6.106409132191760181e-01,4.591439390718765057e-01,2.841832514748321437e-01,6.016182527939332170e-01,-3.206330470484358153e-01,7.790402414620758442e-01,4.218334128096114521e-01,2.262537273545538741e-01,-7.332167990953236680e-01,-8.894611039600031077e-01,-1.712213291357325584e+00,-1.645786801376277975e+00,-2.222472259956743024e+00,-5.272169117293640239e-01,-2.319314342821487074e+00,8.867393656599840135e-01,-1.863084224227886665e+00,5.619422392198267779e-01,-1.778488997556403606e-01,-2.202920401862369926e-01
2.352725569881422285e-01,-1.992967927401017303e-01,-4.227623014232365084e-02,-1.003664413910764774e-01,-3.131985050165395634e-01,1.646938403169859455e-01,5.915266385949610045e-02,-7.320170533717954009e-02,-1.084769138179427217e-01,-1.537563388728228064e-01,-2.318839974573491669e-01,6.633985990321050741e-02,1.942077630564723392e-02,-1.065267075533311569e-01,-1.845025622329225234e-01,-8.754989982549249775e-03,7.031987038094046627e-02,1.440981080405350293e-02,-1.015768444116462998e-01,-8.238610771681340039e-02,-2.275976412273070792e-01,-7.834940248920717332e-02,-4.532303915113092968e-02,3.223782536430490064e-01,-1.360396558272265466e-01,-5.487323602067777362e-01,5.750201335552544701e-02,-4.618129082039654776e-01,-1.823882765286781171e-01,-5.445081046752840992e-01,5.836665382904910881e-01,4.852653767026213899e-02,-1.098987397011804909e-02,6.861708275317747463e-02,1.953206301423924263e-01,3.561196961845351089e-02
-7.240180656754849342e-02,9.791172509313048056e-02,3.482445752976401354e-01,3.297456559105207963e-01,-5.171323445662308060e-01,2.185987315347726057e-02,2.923565300098645570e-01,7.322908442473782809e-02,1.902775776835251287e-01,-1.747188818831176549e-01,-2.589641898720993485e-01,3.101423303835252471e-02,1.637349934954566710e-01,2.710130785561887592e-02,4.456793917013558703e-02,-1.621655512199756677e-01,-5.710675357283322151e-02,-4.677718304891241852e-01,-5.686081196403274668e-02,5.807084179420159975e-01,-2.680309431931398034e-01,-4.602384315612889076e-01,2.988328655582808691e-01,-2.257094347097490239e-01,7.850651436680042283e-02,-2.789059307276608307e-02,-1.837133206671860419e-01,-2.132936014966751725e-01,5.304701607703508209e-02,-2.719950763451320364e-01,2.717798392650374595e-01,3.920515251446218818e-01,1.372593189802242819e-01,-1.205532379198934051e-01,1.330758634174340482e-01,-5.137840027440776502e-02
-1.955933475723473092e-01,-1.089412413234872867e-01,4.146274568039164804e-02,2.052915606558776418e-01,1.281264588407698413e-01,2.634238028443725010e-01,-1.393225825147043906e-01,3.439188963483864186e-02,-8.194689411942834845e-02,-6.026303166450584781e-02,5.544501406005766242e-01,-1.692147399164703817e-02,1.692749033283951210e-01,-4.689973523134758904e-01,-7.572158365135588376e-01,-1.668600183429396963e-02,-8.858560456681432993e-02,2.617115350784716687e-01,2.090535370418456287e-02,9.684596008634271946e-02,-5.372596821194310091e-02,7.315822135331019604e-02,-2.143058918306425253e-01,-5.343768797367203227e-01,3.368478921405076987e-01,-9.733981165514517947e-03,8.736445384688959481e-02,-4.095687660609634850e-01,-1.679049711379162757e-01,-3.944699361411405647e-01,-2.261883056071490317e-01,-7.957187229366653458e-01,1.674250403469535256e-02,-1.264219578096527519e+00,-5.153979875081854400e-01,3.284609374374428126e-02
-1.911907501832606771e-01,-1.214350970896142662e-01,-2.752524814865517366e-01,-2.765631458523649250e-02,-2.152188163708125934e+00,-1.143527858159595789e+00,-1.128017684135121712e+00,2.198377329123454849e-01,-5.180830907033248112e-01,1.092284231377623538e+00,-2.300684624439007564e+00,-5.302568853200557708e-01,-2.026882890704225115e+00,-2.075351329947157097e+00,-5.770643431982519500e-01,1.832372521280501987e-01,1.383540631170133928e+00,-3.909110129549845936e-01,-1.202790325929929821e-01,-2.474523334062484814e+00,-2.090440401357034794e+00,-1.170215899805666371e-01,-6.854288271063293525e-01,-2.620559672916431548e-01,-6.006692558807049664e-01,-1.893013534165686185e+00,-1.872337393058257415e+00,-5.238541919251941126e-01,1.363501855786486069e-02,2.993154749710286167e-01,1.799132192611195558e-01,-9.431569765553796669e-01,-7.479354949128458330e-02,-2.261145676662704940e+00,-1.802375990963585473e+00,-8.218686729692849247e-02
5.671087057344076365e-01,3.167123192821071909e-01,4.305971420482513357e-01,-1.303691031469286887e+00,-9.771101570360247734e-01,-3.309796261418114227e-01,4.585603515538225761e-01,-3.274545754309434731e-01,6.039746773957506143e-01,-8.936583027620232933e-01,-8.055451837538696314e-02,1.720816371594864058e-01,-5.216914775693239914e-01,5.635052981388872784e-01,-1.254625798424668703e+00,7.163906643843666044e-01,-6.595972879730338523e-01,-1.979978596661690515e+00,1.954769895843996852e-01,-4.993490522739063020e-01,-1.152634622289445465e+00,-6.605352493080453025e-01,-4.148282447412838386e-02,3.170668293000352689e-01,3.146673546059581827e-01,-7.948502501082123084e-01,-2.382541697484023280e-01,-4.775413658317390064e-01,-4.066994699994486151e-01,-1.381791087916199423e+00,-6.802430838342736763e-01,-5.945637880343906945e-01,-1.321521480874087162e+00,-1.256040694109453515e+00,4.265173252353894329e-01,-1.894006320940621324e-01
-2.145796328192882019e+00,-1.569727526766905523e+00,1.973450109198044977e-01,-8.444236305819062816e-01,-2.859778664209161825e+00,-1.820798662277173907e+00,-1.803639989695545065e+00,-1.411781087118534783e+00,9.134536818680701886e-01,-8.168155585910422678e-01,-1.276296406616767687e+00,-2.024121320652657374e+00,-5.772167949667252052e-02,9.280142303326902598e-01,3.687923083042633082e-02,-6.577688223040185633e-01,2.738090740011175916e-01,6.951279098433731374e-01,-9.964384364280833850e-01,-1.043801661617051790e+00,4.278897804887403233e-01,-8.714040752371241538e-01,-7.776771217636306854e-01,1.292903047941081629e-01,4.155230981087007502e-02,-2.266103842589191342e-02,8.056116421589133436e-01,5.293914011117657470e-01,-3.601770849358421622e-01,7.212320173751655128e-01,-2.949958170165298821e-01,9.683581497752460909e-02,-3.832431275646450142e-01,2.611724730041274922e-01,1.043412392890927354e+00,1.328131234957345419e-01
-5.940526554802185721e-01,2.041167632535689780e-01,-2.016584844040071545e+00,-7.983062801334521730e-01,-2.303047659045201367e+00,1.357098365447611865e+00,-1.190140148703451528e+00,-1.886395565830007337e+00,-2.382348817038864100e-02,-5.276074363023077751e-01,8.183460176265817954e-02,-1.565112676330258523e+00,-1.785635426037205598e+00,5.163935528864804780e-01,6.528486149189403065e-01,4.198249487241177413e-01,6.215215220526004725e-02,-7.207624564541641465e-01,7.976589265284437236e-01,-1.255624212175478149e+00,3.596188214771030012e-01,-2.386998371902986360e+00,7.212999495235948855e-01,-9.450990303025900152e-01,6.817911222146624262e-01,-6.760897904503891942e-01,-1.957592987760217174e+00,-3.060050194510720023e-01,1.018181283842422014e+00,-5.086345794091480244e-01,-1.237521234397905179e+00,-1.734519462345174068e+00,-9.420823228142708450e-01,5.344243795886332027e-01,8.195079122680458683e-01,1.000530086298143939e-01
1.356471269903294363e-01,-1.225991782938488581e-02,-7.793914492378256620e-02,-1.519918879622401686e-01,-3.036821208205792155e-01,1.285199620669354170e-01,-4.923080934661082653e-01,2.565863581526241916e-02,2.055339877006190363e-01,1.918818809787083413e-01,1.757981611053507642e-01,3.318117316829590768e-01,2.017025651195665237e-01,-2.253812390972455282e-02,-3.885622415948921105e-01,-5.694422216940459025e-01,-7.161455976909237263e-03,-3.194996031618480004e-01,1.602735940913760093e-01,-1.030198875241032236e-01,5.471531193033970508e-01,-6.564314784021009486e-02,2.153795837758074039e-02,-3.818648701634559939e-01,-7.442561088085281051e-02,1.148625744945198923e-02,8.224162222695606539e-02,9.942149481649188714e-02,7.915967185828393093e-02,-1.491408158832041586e-01,-1.888313215363349520e-02,1.308424530577435296e-01,-1.303088959334389174e-01,3.625729449331274168e-01,-1.030284420155467701e-01,-6.943176210380350155e-02
1.177315366301574448e-02,3.145199536298597942e-01,-3.199374524762929606e-01,3.140151483956064166e-02,1.657058785293507100e-02,-3.325522150777597830e-01,-6.320790343875856698e-02,1.017037783654544392e-01,-8.589936234908254198e-01,2.621043153896201322e-03,-2.100779007183079528e-01,-1.727447818043527372e-01,4.453940145571527176e-01,-1.239737603520185028e+00,2.798387019058642400e-01,1.159919541933761428e-01,-7.763782078510117479e-02,1.284943137662457879e-01,3.790109182172327063e-01,2.415396952229732219e-01,1.424349984135749037e-01,1.479130315851986677e-01,-2.284171219371335937e-01,2.895636822132940380e-01,-1.825807066609877460e-01,1.301374989956010364e-01,5.065287007521400708e-01,2.686863653214303649e-01,-8.645472702510914598e-02,7.785090969072781808e-02,-1.081436525972426753e-02,-6.391366346357886252e-01,1.957051235427829106e-01,-6.809528350971248700e-02,6.334433442186132579e-02,1.306885128978516053e-01
-6.606492617503395559e-01,2.443634124723027996e-03,8.122277402112450251e-02,-1.099946261053270091e-01,1.368693533065858461e-02,-2.466071318485808517e-01,3.428168043125211506e-01,-3.438808955169103676e-01,-2.238026269667793000e-01,-1.158244503985176754e+00,-1.925626055360767641e-01,9.179080981011369933e-02,-7.734577728040026301e-01,-1.667070606269744348e-01,3.592703503578300039e-01,1.817431999368030182e-01,-3.900390352163532470e-01,-6.905227701021988962e-02,2.542517517776285985e-01,-3.296170729602248411e-02,2.601137949066921196e-01,-2.789686164479531216e-01,3.816710787996042686e-01,-1.683230748632382964e-02,2.859250135374195589e-01,4.382560049649929512e-01,3.109198382349008805e-01,3.060511198221150808e-01,1.281632641831691455e-01,1.211650795427455102e-01,-7.041946531909530627e-02,1.571021284695611475e-01,2.562854698497158967e-01,-7.165773241009089078e-01,9.316497190953171303e-02,-7.332635839836504354e-01
-1.859734718525001052e+00,-1.930019575829198697e+00,-8.082883753051865738e-02,-6.398042525646020495e-01,-7.932097246721336870e-01,-1.634648405534250948e+00,-4.184805466517134698e-01,5.298399938225222261e-01,-2.830056293374544896e-01,1.521108956349957464e-01,-1.122416549558655392e-02,1.004515070110692798e-01,-5.106950460041282946e-01,2.158854481578091067e-01,-1.868664149389249463e-01,4.240947303332923135e-01,6.601557292495353890e-02,4.304622039372451442e-02,-7.460789526705977059e-02,1.787378246749082578e-01,-1.714696357063160911e-02,-9.127599110305862906e-01,-1.847429214659465524e+00,6.750580233528182816e-01,-2.499507914625063165e-01,-8.667874372886864576e-01,1.882450044262873601e-01,4.706141101310145070e-01,1.251752955009436952e-01,1.723171642933686021e-01,-4.782623535806700965e-01,-7.262107063595053535e-01,1.058167943397391841e+00,-1.115162886800345809e+00,5.195735192626454307e-02,5.047354220160654020e-02
-1.741039336270384097e-01,-1.515116294657190832e-01,-1.629455870259380323e-02,-1.155611087311605480e-02,7.554486416337675980e-02,7.547751143443588717e-02,-6.572153220736146051e-02,-2.454621233592967598e-03,3.480696288787707426e-01,-2.685261681837313175e-01,3.589288596187435731e-02,9.594948257808395831e-02,2.603562534372905746e-01,4.045320802704418378e-02,-2.875356647436441704e-01,8.237194753191000307e-02,1.004600068592296780e-01,-3.548291548484772684e-01,1.509051506401832832e-01,1.317222644023295086e-01,1.306262356590368046e-01,1.069253887939499992e-01,-2.044835548213866094e-01,4.149709058549273105e-02,-5.664840324194839183e-02,2.128843985242550307e-01,7.541717578320443482e-02,-1.647709362150847623e-01,-8.176923565222816992e-02,-9.471573114831947915e-02,-8.248508527607543994e-02,2.639653880895275612e-02,5.920459212533773358e-02,2.545844281920315103e-02,2.984728293212820516e-01,-1.061606468877741198e-03
3.041242905518454775e-01,-1.640608469356128751e-01,-5.448004161484719665e-01,-1.966947409695077656e-02,-1.263684092635670719e-01,-2.381861984585435521e-01,-2.992558710896469631e-01,4.832620417967968263e-01,2.370423947789260244e-02,5.168074469608153337e-02,-1.716093322842058289e-01,3.331225926458240005e-01,-1.122490995237980904e+00,-7.131041767842998258e-01,7.409660267236852782e-01,-2.368595727949867336e-01,6.389597106393062331e-01,-1.675731994472165198e-01,-2.666269873025059467e-01,4.499097288881998002e-01,-6.845546574079419688e-01,-6.129942622745319092e-01,7.366489214426800158e-01,-1.412076681428125591e+00,4.772152089024540578e-01,-6.069320985899434584e-01,6.208025862756402224e-01,-1.593065846183643997e+00,4.604466146592289810e-01,1.014252335655860149e+00,-6.426896158111508051e-01,8.397673998110678495e-01,-3.920899450609169890e-01,-2.125086661548817035e-01,-1.032615847216724614e+00,-1.611386604871886674e-01
3.071968506489499567e-02,8.672303127859944116e-02,9.588582103982242963e-03,1.735379455781894675e-01,-1.188258524545035000e-01,7.912888181026690032e-03,6.575593184939924896e-02,-3.487404366597864347e-01,-9.103011730922258571e-02,-2.595660622083210689e-01,-7.527353608735770640e-02,8.007281113830290453e-02,1.091854420302522111e-01,1.464399632832496523e-01,-1.711209166004414306e-01,3.981159002607756459e-02,-4.189094741559499374e-02,-1.804810562966769061e-01,2.338518630078904592e-01,3.793738155938622403e-02,-1.363523928186265166e-01,1.188890593715836580e-01,3.665632456786983937e-03,-9.236670243402499147e-02,-4.803858279430286288e-02,1.333522407397149667e-01,7.673919870499903984e-02,1.690081084075188422e-01,-1.162489662714889932e-01,-1.981975348807741288e-01,-3.393280750784280486e-02,-2.541073234479948595e-01,-2.086418713541187686e-01,4.700324943979514725e-01,-1.776963061860531712e-01,1.289669286732613718e-01
